329,211,419,309,7
 620,419,729,527,5
 76,404,186,489,0
 647,308,709,398,2
 56,185,108,326,3
 188,500,312,660,2
 470,346,608,436,5
 667,316,698,422,3
 218,202,329,235,8
 15,280,126,381,2
 320,79,422,170,4
 157,194,343,281,8
 258,382,349,460,8
 571,516,710,625,0
 307,344,408,400,3
 239,327,392,423,2
 151,393,281,498,0
 488,364,562,437,1
 51,198,155,296,1
 26,276,133,445,2
 484,633,642,705,1
 141,413,262,590,1
 337,458,522,652,0
 21,16,142,91,5
 40,114,223,297,8
 63,184,146,289,8
 412,302,589,473,1
 269,576,358,660,6
 570,153,730,229,1
 505,99,691,113,3
 592,418,712,533,8
 212,196,316,340,5
 540,446,670,640,1
 632,155,752,249,8
 639,31,780,191,6
 276,572,467,755,1
 12,112,204,219,5
 570,36,619,111,7
 547,77,586,161,1
 313,204,384,294,3
 160,492,302,597,8
 412,241,558,417,0
 464,144,540,225,0
 344,103,444,263,1
 414,593,492,666,5
 303,604,396,697,0
 185,110,344,222,5
 660,267,725,344,2
 672,167,770,231,2
 583,92,722,249,1
 288,162,363,250,2
 270,321,328,449,8
 210,498,360,626,2
 546,421,735,601,2
 322,653,404,738,5
 404,507,479,551,8
 116,186,192,248,5
 162,90,318,242,2
 184,557,247,741,4
 553,503,632,546,2
 629,474,738,575,5
 111,613,192,723,3
 305,79,443,233,0
 665,272,777,364,2
 78,455,195,570,5
 661,413,755,477,8
 159,422,330,595,5
 7,248,102,422,5
 365,45,442,146,2
 253,475,442,654,0
 328,123,489,321,4
 13,249,115,444,8
 189,109,276,190,6
 551,133,661,292,1
 459,435,550,563,5
 4,303,158,394,8
 617,600,780,780,5
 568,57,750,198,5
 613,623,693,749,1
 60,30,198,230,7
 102,245,290,382,5
 20,166,212,345,2
 370,479,567,640,8
 287,434,351,583,8
 286,87,453,223,0
 402,358,534,523,8
 327,162,523,333,2
 284,325,401,448,7
 183,357,307,460,0
 264,376,333,456,8
 186,348,271,427,5
 469,161,599,298,5
 583,331,713,528,1
 559,381,616,465,1
 251,384,376,506,5
 51,223,190,364,7
 43,3,117,116,2
 656,490,719,603,2
 490,307,590,441,2
 96,451,252,609,2
 567,509,672,616,2
 293,76,437,188,2
 57,637,123,789,4
 331,95,481,181,5
 192,575,333,765,5
 316,381,433,481,3
 573,626,630,701,2
 561,37,649,108,5
 604,624,667,740,1
 473,209,580,299,8
 329,135,435,261,0
 171,575,244,710,1
 344,119,481,256,0
 409,235,516,409,8
 574,143,665,205,6
 606,392,744,504,2
 715,637,772,709,1
 360,133,463,234,1
 188,166,299,266,2
 687,502,709,600,4
 509,450,589,498,5
 136,213,216,317,8
 586,180,711,325,5
 357,218,512,372,1
 230,272,397,386,8
 541,604,618,658,1
 554,644,687,764,1
 549,11,662,199,1
 609,352,692,478,5
 171,460,260,602,5
 37,344,134,409,7
 330,317,429,400,0
 238,416,351,526,1
 479,153,558,175,3
 11,320,182,475,6
 426,383,603,583,5
 440,107,560,224,5
 153,379,312,519,4
 210,546,372,664,5
 3,321,115,433,5
 516,312,672,478,5
 213,490,405,687,1
 110,36,171,117,8
 513,166,595,227,0
 128,578,233,667,8
 606,561,746,659,1
 17,452,190,631,5
 306,46,447,180,8
 526,367,717,495,2
 449,629,494,715,3
 485,640,616,751,2
 294,233,383,315,5
 10,677,81,721,1
 172,459,281,630,3
 483,424,662,530,1
 382,211,479,292,5
 103,644,190,727,0
 58,304,165,405,5
 303,192,494,323,1
 56,107,178,205,3
 119,573,201,609,4
 245,105,342,194,5
 228,42,358,84,3
 523,249,590,342,5
 420,450,522,637,1
 263,52,310,165,8
 584,74,716,151,1
 610,248,750,426,2
 209,454,355,630,2
 291,671,369,737,5
 51,479,184,548,1
 191,404,275,583,8
 535,175,689,226,4
 320,451,402,588,8
 63,244,236,328,8
 280,257,343,352,8
 425,87,561,212,2
 120,511,307,693,5
 342,137,469,240,8
 355,205,517,386,5
 218,458,284,545,5
 419,61,544,173,7
 293,539,443,678,0
 476,372,675,530,4
 602,255,742,332,8
 576,251,671,441,4
 267,150,464,326,2
 509,60,643,181,1
 207,653,286,696,8
 533,167,626,277,7
 258,205,402,271,1
 159,616,248,706,2
 540,598,661,747,5
 619,102,762,277,1
 526,106,706,267,5
 46,388,182,578,7
 597,76,691,174,7
 101,503,183,571,2
 108,434,263,566,5
 441,536,624,714,2
 59,547,123,659,2
 104,496,299,627,8
 588,37,785,163,0
 206,149,296,304,8
 653,187,747,291,2
 118,595,267,674,1
 631,343,709,480,5
 224,57,377,195,8
 393,541,529,677,5
 81,287,242,432,8
 485,3,612,182,2
 425,519,598,694,5
 552,28,630,89,2
 687,464,773,556,8
 310,108,411,181,2
 464,431,608,605,2
 118,97,302,285,1
 160,285,276,371,8
 364,674,482,763,2
 35,618,185,758,4
 473,554,620,684,0
 430,209,583,311,3
 602,344,743,425,2
 208,405,276,481,2
 67,293,151,385,1
 168,186,332,310,8
 440,500,505,577,8
 503,129,673,325,0
 629,431,715,511,0
 241,207,301,302,1
 455,543,621,728,0
 633,278,735,342,1
 398,293,493,367,2
 319,518,475,632,4
 498,142,590,341,3
 700,126,747,207,1
 129,94,205,183,2
 400,633,477,733,5
 339,195,474,312,5
 31,169,146,324,1
 243,64,385,143,5
 316,201,432,345,8
 451,671,511,768,2
 566,598,679,678,5
 517,626,628,740,6
 458,498,525,592,5
 309,524,477,648,5
 33,455,213,650,8
 13,600,98,712,1
 615,572,763,707,3
 23,126,185,264,1
 398,173,428,368,3
 202,588,396,696,1
 508,534,674,628,2
 624,577,768,744,6
 559,595,640,692,5
 42,600,119,737,4
 683,352,756,428,6
 610,503,691,681,8
 93,195,277,342,1
 169,432,311,483,8
 167,102,236,207,1
 319,310,452,317,3
 616,660,681,741,0
 309,435,401,532,2
 699,401,782,460,8
 389,275,532,419,5
 48,329,103,486,8
 438,266,522,350,0
 530,6,710,183,5
 301,534,485,727,1
 384,176,468,283,7
 453,567,589,713,8
 42,466,140,556,8
 90,533,115,640,3
 592,404,784,576,0
 558,201,631,313,1
 268,134,440,318,0
 121,483,182,561,2
 520,617,678,713,8
 29,407,132,597,2
 291,553,419,674,5
 353,387,492,583,3
 206,105,324,217,7
 292,248,415,354,5
 78,218,250,391,5
 97,394,220,577,7
 311,521,429,596,1
 38,224,162,352,1
 522,411,628,569,1
 503,27,659,86,8
 168,83,341,276,0
 410,412,467,543,3
 558,323,726,492,5
 646,667,714,754,3
 51,188,162,267,7
 136,295,283,356,8
 50,195,246,301,1
 465,537,565,589,5
 135,119,183,251,8
 159,118,305,165,4
 149,680,215,765,1
 511,76,654,273,2
 13,394,66,537,1
 101,139,222,292,7
 58,395,254,590,5
 497,456,547,648,3
 293,501,353,636,4
 617,207,714,321,1
 323,284,456,372,1
 397,233,550,337,1
 193,287,271,431,3
 324,327,445,471,8
 252,389,406,420,3
 158,27,337,206,2
 500,100,697,182,5
 99,542,163,663,5
 75,406,208,514,4
 632,273,733,418,8
 494,399,592,434,3
 405,646,514,779,1
 288,319,361,359,8
 298,222,450,345,5
 393,574,463,766,8
 376,48,466,129,5
 64,328,169,450,2
 163,205,298,339,1
 60,73,210,220,5
 351,314,510,475,1
 209,428,332,614,5
 542,646,641,694,1
 110,69,247,210,8
 12,379,184,536,6
 632,402,776,547,1
 178,631,254,707,8
 175,193,286,316,3
 441,255,527,343,2
 457,507,591,615,5
 26,150,163,314,0
 403,121,511,279,1
 428,261,516,404,5
 495,392,571,523,2
 321,457,458,618,5
 141,577,276,777,1
 81,330,178,492,2
 209,519,277,629,8
 59,538,170,679,1
 183,6,344,174,8
 395,48,557,174,1
 459,145,621,330,8
 420,437,500,550,1
 485,486,640,590,5
 475,357,560,504,4
 114,579,206,771,4
 651,39,751,145,2
 224,44,365,194,6
 546,504,660,623,1
 23,153,128,221,5
 527,243,700,399,5
 322,569,467,742,3
 311,228,411,324,0
 425,468,537,552,1
 382,142,472,309,2
 212,561,341,700,0
 563,544,722,719,1
 481,437,623,523,1
 467,46,545,191,8
 123,185,322,352,8
 556,464,754,588,1
 146,541,285,598,8
 122,322,243,447,8
 490,284,684,363,1
 151,226,261,314,1
 482,115,593,254,5
 261,83,408,146,8
 309,26,485,111,1
 275,542,303,613,8
 589,510,671,601,7
 326,62,437,191,5
 143,448,320,582,4
 551,134,742,279,2
 122,192,202,270,4
 103,197,228,365,2
 506,614,606,786,1
 65,400,230,540,1
 374,685,427,757,8
 505,518,642,606,7
 152,339,323,515,5
 204,127,320,257,5
 158,164,222,257,2
 403,654,504,766,5
 657,161,786,288,1
 529,353,662,446,2
 586,451,716,616,5
 91,361,150,449,2
 313,501,496,555,4
 314,361,500,527,0
 383,242,520,398,2
 564,119,721,234,8
 308,608,468,732,7
 246,259,361,394,0
 650,398,714,483,5
 220,654,302,718,8
 200,523,318,621,5
 314,118,401,299,3
 346,176,473,250,1
 238,597,362,753,1
 252,385,379,506,2
 460,529,600,666,0
 7,659,64,738,0
 3,256,148,383,4
 589,523,748,668,5
 20,528,185,664,8
 507,651,584,737,7
 602,234,725,359,8
 155,496,315,693,1
 407,58,503,207,8
 66,276,128,377,1
 434,214,616,354,5
 469,28,592,219,1
 124,446,223,514,8
 712,71,788,140,7
 17,550,130,689,5
 37,28,157,223,8
 585,410,668,531,0
 399,408,480,546,5
 163,335,292,479,5
 387,528,500,651,8
 460,463,578,587,2
 13,70,171,199,6
 403,138,491,228,8
 608,10,751,189,0
 4,324,196,498,8
 147,583,311,752,1
 514,397,617,556,2
 429,570,625,668,2
 614,204,687,256,6
 267,524,368,573,8
 511,127,622,259,2
 545,540,688,697,1
 403,62,599,259,1
 642,503,705,618,1
 233,495,285,649,8
 152,525,341,624,5
 354,266,436,321,5
 152,269,268,456,5
 79,414,223,592,7
 221,150,416,298,2
 44,139,240,336,5
 449,502,604,622,0
 649,298,751,374,7
 188,169,345,299,7
 51,192,184,379,5
 335,145,528,299,5
 397,317,518,431,8
 570,619,652,700,1
 584,232,736,425,2
 564,89,644,170,1
 464,24,609,216,1
 247,334,377,414,1
 604,167,681,309,3
 507,501,604,684,2
 44,28,228,129,1
 619,553,703,640,0
 131,213,257,330,2
 455,286,586,456,2
 532,373,662,557,8
 480,550,551,598,2
 667,651,787,777,5
 156,623,302,727,3
 561,432,682,504,8
 131,656,220,724,2
 299,350,417,469,5
 135,508,258,687,6
 379,239,494,341,3
 453,181,599,302,5
 241,330,335,491,8
 373,216,570,350,4
 56,224,165,277,2
 322,523,408,625,0
 416,332,451,438,8
 21,388,150,435,8
 398,132,553,294,0
 290,421,386,521,1
 10,462,151,610,1
 487,116,685,178,3
 78,652,172,668,4
 364,349,516,453,8
 297,253,462,367,5
 377,199,550,376,5
 507,532,548,628,1
 273,340,340,494,1
 480,588,602,786,8
 542,32,600,112,8
 219,329,396,517,1
 548,168,633,258,8
 367,2,486,117,5
 164,385,285,481,2
 595,503,721,597,8
 515,509,617,611,5
 340,457,452,586,0
 10,495,84,538,5
 437,412,511,494,5
 385,502,484,607,7
 582,393,671,560,0
 669,411,713,502,8
 171,22,273,196,5
 386,88,462,220,0
 688,703,743,793,1
 69,378,169,470,8
 666,423,722,548,2
 345,320,542,398,3
 139,429,179,507,1
 195,349,314,445,7
 245,338,442,463,1
 44,469,114,584,8
 605,361,725,463,2
 471,196,667,340,5
 62,624,203,721,1
 224,77,395,258,6
 309,314,418,452,0
 323,458,414,612,7
 569,678,653,764,0
 282,15,370,114,5
 337,602,498,753,5
 317,290,464,437,3
 608,336,739,419,8
 174,379,264,469,8
 615,185,720,310,5
 385,649,517,776,1
 147,282,278,404,5
 418,429,526,575,0
 36,623,205,773,2
 482,330,675,495,8
 682,629,770,711,5
 542,264,625,355,7
 148,296,235,395,0
 212,215,376,361,2
 82,8,102,125,3
 585,252,711,438,8
 6,265,154,379,5
 305,84,377,189,7
 561,82,718,253,0
 459,14,560,202,1
 484,239,639,434,0
 28,256,112,322,0
 654,641,758,786,2
 82,400,276,599,4
 470,497,623,586,1
 474,536,657,629,8
 136,363,333,511,1
 228,49,367,176,6
 121,215,313,350,4
 598,645,678,736,1
 15,271,119,300,1
 46,154,217,319,0
 369,47,413,122,7
 409,51,558,136,1
 432,240,599,326,4
 478,56,569,105,5
 227,101,388,240,2
 72,117,255,182,4
 50,195,123,233,3
 48,18,188,157,1
 18,341,203,517,5
 339,599,481,749,2
 266,649,345,711,1
 112,626,239,711,1
 169,111,356,238,4
 396,314,475,390,2
 168,107,304,259,4
 81,373,204,520,2
 322,10,423,77,2
 562,241,695,376,3
 51,48,138,229,1
 182,132,302,312,8
 507,559,604,647,5
 330,216,480,322,5
 417,513,583,575,1
 68,504,199,615,8
 60,449,229,587,5
 483,325,552,481,8
 294,75,457,194,8
 603,208,634,380,4
 204,485,361,639,1
 75,37,150,114,8
 599,354,779,507,0
 293,94,371,181,8
 21,565,166,665,1
 102,49,264,211,7
 617,261,692,339,8
 145,477,203,557,8
 481,561,639,715,5
 15,397,88,501,5
 446,140,629,236,1
 534,7,586,99,8
 104,338,168,478,1
 401,519,566,692,1
 248,187,354,291,4
 541,243,668,409,1
 288,551,339,670,5
 626,114,713,201,6
 230,35,319,135,2
 334,301,468,471,5
 248,673,363,748,5
 620,330,705,447,8
 223,146,364,296,0
 570,336,700,439,1
 166,440,260,618,5
 332,158,396,290,8
 537,449,642,607,5
 436,475,511,502,1
 278,625,446,755,6
 705,180,781,248,2
 344,169,418,308,8
 5,507,189,662,5
 115,226,268,343,7
 45,63,111,256,8
 244,186,276,279,3
 278,582,419,619,8
 563,603,639,722,5
 50,620,228,716,1
 8,306,98,465,8
 159,286,246,402,0
 294,245,417,384,5
 462,48,532,142,2
 571,86,699,179,0
 520,79,703,123,4
 7,473,107,571,1
 391,316,524,401,8
 294,441,422,620,2
 138,345,256,532,1
 332,317,514,464,7
 454,507,524,652,1
 503,537,660,675,2
 24,179,97,212,5
 650,82,783,207,2
 601,637,678,717,2
 102,512,245,658,8
 131,347,322,542,5
 488,55,615,162,5
 239,449,380,500,8
 566,45,710,171,1
 638,70,728,127,1
 426,478,610,570,4
 524,348,626,532,1
 159,37,333,223,5
 231,385,420,500,5
 300,580,462,716,8
 389,532,487,602,1
 182,32,249,146,5
 258,362,367,544,8
 609,324,762,488,8
 27,589,130,653,0
 287,240,402,378,2
 91,93,191,185,1
 415,210,531,308,8
 438,174,527,302,5
 368,422,533,545,1
 590,352,777,463,2
 261,635,315,726,1
 464,308,613,454,8
 452,28,538,92,5
 658,668,787,785,4
 467,181,646,338,8
 122,85,236,163,2
 312,461,442,565,5
 386,708,428,784,8
 174,132,347,300,8
 118,450,268,556,8
 50,168,130,340,5
 249,307,428,438,1
 107,275,247,429,2
 220,464,376,513,1
 446,459,592,640,1
 411,242,505,384,8
 346,359,440,422,2
 646,24,718,147,8
 45,609,122,734,8
 557,517,664,561,8
 503,210,657,317,1
 239,228,403,340,5
 672,163,751,222,4
 329,680,401,782,0
 282,571,390,673,1
 229,141,309,165,8
 594,557,689,643,8
 163,416,301,585,5
 516,15,556,99,2
 529,528,638,662,5
 44,287,106,475,3
 157,178,200,254,1
 196,93,395,270,8
 248,563,350,646,7
 504,514,628,658,0
 103,562,288,707,2
 76,397,217,590,8
 669,486,775,585,5
 236,227,345,402,2
 674,610,736,701,2
 388,61,509,208,8
 428,267,620,420,4
 142,89,226,157,2
 272,305,336,393,5
 220,440,348,570,5
 467,691,553,785,5
 438,133,569,193,4
 361,370,469,448,3
 95,103,224,241,2
 202,165,398,308,2
 323,173,388,244,0
 16,715,88,773,1
 666,478,739,552,5
 391,103,537,246,5
 554,499,727,590,8
 475,409,564,452,8
 243,237,374,357,5
 411,382,480,472,1
 123,426,259,476,3
 551,617,719,768,0
 163,487,249,631,7
 105,79,230,255,1
 329,190,429,324,8
 331,175,477,296,1
 257,649,376,730,4
 323,532,450,690,0
 290,268,456,333,4
 462,57,651,205,8
 297,406,448,602,7
 408,122,506,196,5
 455,415,589,535,2
 257,252,435,447,4
 348,124,469,197,7
 228,276,384,367,5
 380,276,526,352,2
 527,102,686,191,3
 620,691,698,768,1
 400,209,495,353,8
 209,564,372,684,8
 195,327,262,399,5
 279,180,408,288,5
 51,18,181,148,0
 433,566,584,647,1
 75,187,146,337,8
 285,658,337,743,2
 376,519,478,618,0
 375,558,497,662,2
 42,10,144,80,7
 16,557,128,649,1
 248,182,389,272,2
 638,141,703,232,1
 610,4,764,54,8
 674,448,764,552,5
 360,112,503,250,6
 569,330,689,419,0
 491,605,600,726,5
 552,538,676,650,4
 148,183,346,347,5
 344,4,409,116,8
 2,271,138,401,1
 295,596,449,760,2
 456,377,562,416,5
 379,106,476,214,6
 615,605,723,706,2
 375,591,503,679,7
 700,635,790,716,4
 20,68,129,267,8
 162,205,317,398,0
 16,12,141,112,2
 501,534,629,659,1
 591,646,710,787,2
 558,429,668,459,8
 638,132,769,224,1
 598,266,779,413,4
 454,523,570,664,5
 84,168,213,334,2
 37,217,115,306,4
 183,82,373,153,4
 638,232,741,363,8
 489,296,595,431,5
 21,264,189,457,1
 487,672,560,709,0
 288,335,443,484,0
 295,240,478,425,5
 156,543,315,705,0
 226,280,344,454,1
 4,607,188,715,7
 471,289,536,384,8
 156,255,211,380,1
 202,605,374,769,0
 141,360,211,449,0
 301,20,410,119,2
 649,103,771,211,5
 527,114,707,292,8
 254,290,312,363,2
 208,512,378,667,5
 247,62,430,251,0
 111,437,311,608,6
 418,182,518,263,1
 151,469,273,496,3
 240,64,400,239,1
 36,298,154,476,5
 484,503,643,696,8
 167,239,222,343,8
 605,305,696,450,8
 217,574,261,724,3
 347,270,545,436,5
 95,517,184,602,6
 600,56,718,135,8
 190,134,217,290,3
 565,603,656,721,2
 120,68,256,242,5
 576,181,683,225,4
 416,564,583,714,8
 662,32,733,103,2
 465,266,553,395,8
 413,85,600,280,4
 593,562,726,678,2
 562,560,642,709,5
 58,293,238,465,5
 382,205,476,274,5
 369,12,521,155,2
 435,77,520,248,8
 91,350,193,512,1
 56,595,146,711,0
 471,261,559,367,2
 395,355,573,541,2
 317,491,390,685,1
 541,266,656,376,5
 416,150,537,267,6
 524,13,714,194,5
 196,334,278,435,5
 201,131,401,275,3
 509,682,590,753,0
 408,475,553,654,8
 568,303,666,497,0
 167,288,229,361,1
 1,345,107,441,5
 109,148,239,269,5
 422,627,525,720,7
 635,93,713,147,4
 497,333,600,392,4
 238,237,391,416,5
 202,75,272,190,5
 382,485,546,658,1
 153,683,261,758,5
 123,257,211,376,2
 516,331,586,407,6
 373,139,476,229,8
 634,109,752,190,1
 344,297,458,447,5
 15,167,75,259,2
 157,261,249,342,0
 363,415,429,518,8
 17,523,152,668,5
 549,64,620,221,5
 357,625,460,710,0
 327,544,479,634,1
 148,334,325,516,5
 69,363,187,557,5
 522,627,616,716,5
 491,328,639,454,1
 264,467,337,541,6
 436,442,530,503,2
 16,120,184,153,4
 316,580,506,646,8
 261,310,382,467,2
 254,167,417,263,8
 360,286,498,401,0
 311,413,362,566,8
 145,271,225,391,5
 114,438,302,622,8
 555,159,633,217,0
 562,338,672,439,8
 121,491,253,579,8
 473,469,571,635,1
 516,646,551,739,1
 530,376,698,505,2
 419,475,612,614,6
 262,310,364,408,0
 397,2,552,161,7
 126,283,306,473,5
 533,468,604,491,8
 17,99,77,183,5
 8,516,145,657,5
 536,117,648,288,1
 14,162,137,331,4
 327,155,378,228,8
 227,404,330,596,8
 428,572,513,637,2
 341,603,429,752,1
 195,397,393,540,2
 674,299,749,340,1
 412,162,490,265,6
 354,264,453,360,2
 308,256,416,367,5
 241,207,402,366,8
 364,518,556,612,8
 56,551,108,641,5
 433,173,562,327,8
 161,192,305,306,5
 173,54,336,241,2
 144,5,337,42,4
 29,123,185,167,8
 290,2,420,49,8
 407,243,538,360,4
 496,243,581,414,4
 321,22,374,143,4
 148,499,253,544,8
 124,647,238,760,1
 164,7,285,197,8
 349,102,460,217,1
 400,597,486,667,1
 606,81,681,167,5
 137,518,237,581,1
 235,504,322,607,0
 18,619,125,739,5
 92,377,232,486,5
 552,7,664,35,8
 184,525,308,594,2
 311,341,510,507,2
 114,314,187,380,5
 221,678,313,798,5
 56,610,83,713,3
 551,358,690,472,0
 408,73,484,172,5
 364,113,438,203,4
 262,174,355,363,8
 325,244,428,314,5
 546,139,697,280,4
 11,608,81,789,1
 390,485,570,665,0
 311,274,472,421,2
 81,129,274,210,8
 528,703,621,797,1
 3,34,69,212,1
 310,309,465,493,5
 113,135,222,276,2
 76,195,183,359,2
 33,308,226,409,5
 435,275,538,356,0
 191,515,389,703,8
 375,437,421,539,1
 85,217,255,366,2
 343,191,487,270,1
 651,98,766,131,4
 31,582,207,677,1
 101,452,238,597,7
 248,537,396,670,5
 212,393,354,584,4
 356,444,547,626,8
 240,88,366,191,2
 29,243,172,306,3
 46,341,160,495,7
 162,4,198,189,8
 451,238,547,321,2
 238,40,356,158,3
 241,600,341,663,2
 354,110,518,274,0
 480,211,594,231,3
 217,48,369,153,7
 82,180,257,357,5
 435,377,617,565,2
 407,521,498,599,5
 644,458,730,513,8
 456,562,605,694,5
 376,263,468,421,7
 519,174,613,280,5
 27,151,146,260,1
 528,527,720,615,1
 325,270,479,416,0
 78,189,200,336,8
 566,122,720,244,1
 129,641,268,735,1
 528,465,551,538,3
 75,369,242,461,8
 49,121,154,191,2
 82,450,202,577,0
 60,677,133,755,3
 253,266,445,431,8
 378,459,488,580,1
 185,250,326,446,7
 256,95,354,266,5
 297,42,396,122,2
 227,541,378,689,2
 182,12,335,168,6
 408,616,589,737,5
 216,689,315,776,1
 200,269,383,420,0
 343,353,526,404,4
 7,407,123,520,4
 462,466,593,638,5
 386,560,559,658,4
 443,69,572,157,5
 310,670,407,778,2
 248,203,334,210,3
 438,169,606,275,2
 59,146,214,265,0
 569,623,729,742,2
 349,650,429,709,5
 460,300,587,407,6
 154,249,298,320,5
 104,506,210,560,8
 387,294,514,359,1
 24,514,140,641,0
 480,137,616,266,0
 10,697,81,765,0
 249,79,338,155,1
 488,442,687,623,0
 148,249,325,386,1
 388,48,574,142,8
 409,432,543,581,1
 481,52,674,231,2
 670,475,759,565,5
 401,209,548,344,2
 273,249,396,413,2
 90,27,154,103,1
 61,70,112,147,3
 229,529,327,660,2
 72,601,193,656,1
 120,441,275,579,0
 33,368,158,461,8
 134,418,227,560,1
 505,611,628,757,6
 251,56,347,167,2
 5,81,136,203,2
 422,429,613,489,3
 360,609,438,686,5
 101,621,191,727,6
 476,220,549,379,5
 406,559,434,758,4
 313,5,389,75,5
 547,205,668,298,1
 205,423,359,553,8
 318,59,413,155,6
 346,358,454,425,5
 476,581,552,638,6
 13,393,146,478,8
 52,319,207,472,1
 229,714,286,785,3
 398,666,458,736,8
 545,592,609,678,2
 404,242,600,332,3
 176,273,248,346,2
 546,408,717,589,2
 308,167,419,255,2
 23,487,126,662,3
 291,488,488,588,5
 573,560,727,671,8
 544,145,682,301,8
 307,363,433,530,6
 507,471,644,624,7
 42,204,139,313,8
 272,408,398,574,8
 308,40,493,206,1
 311,523,393,610,4
 688,70,789,105,2
 209,649,300,692,1
 629,191,761,287,1
 548,262,699,435,8
 31,305,187,501,8
 645,122,770,251,5
 83,338,267,525,1
 208,300,269,376,8
 270,400,412,557,0
 283,119,449,295,1
 368,114,456,306,5
 33,64,196,246,5
 65,214,170,260,4
 553,448,633,576,5
 653,482,747,588,2
 432,443,580,566,8
 364,540,482,695,1
 567,444,651,530,5
 444,571,532,640,2
 541,330,677,485,4
 476,640,522,727,0
 445,550,501,647,1
 350,271,455,381,2
 108,547,236,691,6
 197,595,388,776,2
 25,550,113,622,1
 625,528,727,591,8
 504,410,676,482,5
 599,81,793,249,5
 471,391,556,439,7
 243,359,295,485,1
 693,240,773,295,8
 211,264,336,407,7
 427,550,582,711,2
 299,328,440,394,1
 268,542,379,728,8
 215,82,376,261,6
 676,42,776,117,5
 453,44,504,167,1
 519,338,702,504,0
 594,398,687,491,3
 50,361,177,465,5
 636,224,765,332,1
 501,429,694,594,8
 324,249,444,334,6
 390,534,546,710,4
 382,269,528,454,7
 154,219,258,287,7
 179,520,311,625,1
 74,43,189,140,4
 280,446,431,601,0
 415,444,587,619,5
 404,478,484,543,8
 177,400,309,524,5
 203,646,338,734,8
 255,145,416,304,2
 678,440,763,547,0
 177,12,256,180,8
 174,202,357,376,1
 68,148,218,302,5
 202,519,379,573,1
 76,188,191,306,8
 627,697,704,758,8
 420,633,559,725,1
 332,54,459,208,1
 565,657,694,778,1
 483,386,495,574,3
 460,387,616,538,2
 403,488,473,519,8
 577,331,636,431,3
 120,504,236,594,8
 615,632,766,786,8
 360,475,522,628,7
 459,509,654,650,2
 588,274,758,308,4
 68,434,253,564,6
 102,401,254,496,4
 312,19,432,138,8
 592,216,788,326,8
 204,418,379,617,0
 284,131,472,249,7
 687,296,735,366,2
 358,209,498,250,4
 48,198,189,329,0
 390,184,532,333,2
 522,91,543,180,3
 596,171,691,252,1
 348,217,436,366,5
 21,51,188,226,5
 282,106,374,221,2
 278,346,387,475,1
 492,391,542,501,5
 378,491,508,624,1
 545,534,693,684,5
 210,35,318,136,5
 62,458,182,536,8
 583,541,736,648,6
 335,16,391,96,4
 239,509,423,686,5
 584,179,746,328,8
 89,43,178,218,3
 484,283,650,309,1
 383,298,451,384,2
 275,129,334,314,4
 577,180,661,354,0
 587,290,694,447,8
 420,272,515,356,5
 665,459,741,571,8
 192,231,380,320,8
 400,397,468,516,2
 602,612,705,718,0
 163,395,318,528,5
 474,59,556,203,1
 180,648,260,736,5
 628,322,786,491,1
 242,100,374,299,7
 438,566,512,624,2
 501,647,580,796,2
 17,120,117,297,1
 666,366,708,468,8
 260,293,321,382,8
 154,104,249,157,8
 263,579,461,767,8
 467,12,485,85,1
 631,92,753,188,0
 376,271,422,377,8
 206,658,280,731,2
 65,258,142,323,6
 439,365,579,505,5
 386,227,459,280,5
 34,9,87,159,8
 525,565,617,647,5
 522,74,625,171,2
 43,76,239,266,0
 604,89,676,174,2
 20,475,128,563,1
 528,374,642,461,1
 118,211,281,355,0
 644,545,718,589,4
 481,263,598,445,4
 455,46,566,190,1
 626,216,780,359,5
 41,29,236,221,1
 95,662,229,794,5
 139,373,228,483,7
 300,442,454,502,8
 475,512,662,608,2
 102,58,236,176,1
 407,166,540,308,0
 333,328,480,509,4
 472,19,517,150,8
 444,143,633,315,5
 270,476,349,563,1
 108,407,118,533,3
 203,239,358,397,5
 309,295,398,404,8
 243,177,346,347,5
 576,430,674,563,5
 331,556,382,634,7
 92,12,200,166,8
 233,43,407,100,1
 274,260,461,415,5
 686,175,739,263,8
 84,441,213,588,1
 519,169,602,238,1
 297,700,378,795,7
 413,615,567,765,5
 185,707,274,786,2
 212,422,410,547,1
 180,207,263,282,2
 651,133,693,235,2
 263,323,358,416,1
 401,609,515,738,2
 531,363,717,547,6
 459,562,575,653,0
 410,655,504,781,2
 451,87,631,114,3
 478,156,574,277,2
 165,345,228,416,2
 508,147,650,317,2
 438,54,633,250,5
 605,612,681,695,2
 398,377,577,527,2
 51,422,174,558,8
 69,314,149,436,8
 425,486,569,546,8
 578,507,764,688,5
 455,272,575,399,2
 74,97,182,181,0
 377,573,533,729,6
 418,557,577,729,2
 35,99,209,269,0
 313,544,494,636,4
 576,570,681,695,2
 315,68,364,149,7
 35,287,89,379,8
 429,568,518,661,5
 200,613,275,700,1
 424,83,615,282,5
 56,417,115,588,2
 698,520,722,594,3
 141,380,334,534,2
 25,436,78,560,3
 301,368,498,566,5
 650,608,766,753,5
 479,22,583,189,4
 363,190,444,283,1
 629,214,717,378,4
 169,531,236,602,2
 241,427,356,556,2
 161,253,277,430,0
 578,7,707,122,1
 626,78,744,240,8
 262,173,435,316,1
 135,666,229,762,1
 131,251,238,349,0
 478,9,630,153,1
 177,411,375,574,4
 601,501,727,628,5
 617,362,733,522,5
 265,152,377,254,8
 161,211,288,299,7
 471,253,574,383,0
 584,476,671,542,4
 61,632,218,768,5
 454,561,636,630,8
 466,310,585,475,2
 674,194,765,234,1
 130,400,287,550,1
 103,578,186,666,1
 333,131,450,197,4
 196,525,294,658,2
 564,150,707,315,1
 608,6,695,63,8
 471,651,591,691,3
 250,257,414,353,1
 41,601,96,692,0
 358,162,451,264,1
 150,134,270,319,5
 398,209,461,300,5
 157,529,205,603,5
 336,571,473,725,0
 516,71,671,246,2
 668,147,742,196,5
 70,682,113,764,0
 499,211,628,362,5
 169,359,334,524,0
 219,155,291,208,5
 269,585,414,771,2
 452,703,515,788,6
 560,198,683,283,7
 197,550,375,667,4
 284,541,319,629,8
 481,382,600,480,7
 554,437,670,533,5
 334,660,433,793,1
 141,246,277,349,4
 18,546,138,661,1
 450,133,612,292,2
 653,91,744,213,0
 327,236,463,298,8
 434,402,540,470,1
 425,514,579,679,1
 486,151,652,281,2
 614,483,750,531,3
 26,10,206,58,8
 369,144,463,334,8
 567,302,659,370,0
 553,390,646,531,0
 145,455,292,633,6
 18,605,90,686,1
 621,317,796,432,8
 722,186,796,243,2
 324,587,390,761,8
 332,123,468,291,5
 600,276,711,389,5
 341,223,416,338,5
 55,10,129,174,5
 22,477,203,623,1
 28,77,100,149,5
 171,253,263,383,6
 419,331,563,445,2
 663,160,712,242,8
 8,252,109,325,8
 342,383,509,548,5
 366,439,482,537,3
 287,421,420,517,7
 311,468,444,606,5
 231,172,382,300,5
 29,52,166,220,0
 346,144,440,264,8
 53,397,119,552,8
 81,631,228,728,2
 147,503,336,687,5
 202,127,380,320,2
 617,88,753,185,5
 470,197,623,349,5
 72,580,136,742,8
 634,274,752,396,5
 34,494,210,600,4
 117,158,200,253,5
 540,506,644,592,2
 320,507,437,601,5
 16,613,71,761,4
 507,75,569,240,2
 3,355,159,553,2
 440,71,541,189,2
 167,155,294,279,8
 642,146,781,249,5
 244,511,258,587,1
 33,15,191,111,1
 224,488,269,658,8
 152,336,276,482,1
 504,597,699,719,8
 60,443,236,566,8
 174,442,360,576,1
 316,287,502,440,5
 493,276,532,350,8
 202,624,337,738,1
 494,614,672,793,3
 435,463,506,511,7
 265,79,367,225,5
 385,60,547,230,5
 384,476,415,570,3
 311,441,505,619,2
 337,210,387,283,1
 128,34,205,111,6
 82,393,193,526,6
 326,364,406,403,8
 368,407,424,484,8
 546,612,634,696,2
 299,667,409,756,2
 595,398,685,478,4
 351,454,455,535,6
 9,570,178,657,8
 605,28,738,76,8
 639,662,707,772,7
 287,600,452,666,8
 252,112,289,186,2
 459,444,553,529,5
 365,236,554,425,5
 625,174,711,282,2
 616,244,711,362,8
 333,34,511,179,5
 462,175,534,231,5
 253,655,362,743,5
 98,549,209,645,5
 637,369,723,465,0
 233,539,318,669,5
 400,631,472,753,8
 454,159,484,296,3
 61,496,204,643,5
 334,229,422,380,4
 609,107,732,241,2
 589,319,729,456,1
 200,657,311,762,2
 289,444,411,536,2
 398,103,426,237,4
 479,357,557,441,5
 10,597,115,673,2
 359,289,517,347,3
 40,258,202,447,1
 354,98,483,243,0
 198,12,331,196,2
 596,70,675,269,5
 375,447,448,495,5
 589,661,688,770,1
 409,538,491,672,2
 222,549,375,716,2
 4,450,68,534,8
 534,488,690,610,4
 444,376,481,540,3
 342,626,418,716,8
 459,622,583,756,0
 409,281,555,458,5
 464,129,544,172,8
 9,397,174,550,8
 178,312,286,436,1
 134,391,294,502,1
 295,316,419,482,1
 463,378,574,482,5
 163,195,229,278,2
 437,62,536,167,7
 318,311,395,441,3
 45,636,182,675,8
 566,558,762,739,2
 137,633,220,750,7
 317,16,388,115,8
 285,255,418,390,0
 405,424,468,561,4
 638,290,789,429,5
 89,584,249,713,0
 561,438,733,561,3
 340,456,450,638,1
 508,117,624,296,2
 349,382,439,563,3
 306,312,498,364,8
 645,318,751,394,8
 620,433,679,510,8
 244,640,293,718,2
 73,227,114,308,1
 462,407,578,605,1
 340,445,524,536,3
 327,492,491,633,1
 291,93,368,175,0
 284,546,398,659,0
 284,480,406,560,5
 144,387,203,466,1
 242,388,324,444,7
 51,611,191,787,2
 637,715,649,794,4
 591,39,653,160,8
 456,408,544,535,2
 366,104,514,171,8
 525,65,633,220,1
 445,100,573,237,6
 363,144,432,221,7
 216,373,415,535,4
 111,647,199,774,8
 214,358,332,491,2
 497,296,626,495,8
 115,631,246,761,5
 446,210,570,355,0
 182,450,316,603,0
 119,187,229,385,3
 159,237,240,298,6
 198,185,288,311,2
 314,170,466,322,1
 545,98,661,200,6
 248,251,384,345,5
 220,239,379,384,5
 505,388,613,521,2
 110,13,206,119,2
 221,116,353,236,3
 517,536,700,606,1
 245,388,441,494,5
 429,123,548,228,2
 638,68,753,195,6
 405,228,580,397,6
 443,459,485,649,3
 29,191,160,352,8
 591,449,757,551,1
 485,377,613,552,0
 251,397,389,475,3
 580,183,738,336,1
 105,42,190,120,7
 124,217,183,287,5
 533,515,604,655,8
 110,91,260,236,0
 149,39,237,206,3
 322,581,521,687,2
 137,134,218,201,1
 629,577,711,631,8
 96,520,191,627,0
 143,284,219,360,5
 521,145,718,258,5
 151,506,269,576,8
 503,118,685,291,2
 287,483,472,670,1
 694,328,778,421,5
 170,6,300,178,8
 442,518,567,657,1
 435,225,578,371,1
 170,86,268,154,4
 218,132,314,184,2
 470,464,591,552,5
 48,173,134,291,5
 313,348,372,462,5
 622,507,748,617,7
 173,79,233,169,8
 389,245,443,321,0
 401,458,560,617,3
 134,342,293,472,2
 285,330,367,445,6
 459,3,590,148,1
 11,654,96,728,2
 149,475,303,657,0
 305,515,365,606,1
 64,386,237,573,5
 522,206,591,288,4
 653,448,776,555,5
 131,37,276,151,7
 291,5,377,172,5
 204,31,320,170,2
 245,167,405,331,1
 190,219,372,389,1
 649,443,756,498,4
 65,432,165,556,3
 592,507,778,599,2
 302,180,374,238,7
 337,246,498,325,5
 612,402,792,468,5
 365,71,565,189,1
 26,556,136,665,1
 321,276,514,457,0
 467,285,601,481,5
 451,316,521,386,0
 527,563,607,705,5
 589,329,699,471,5
 468,48,666,190,1
 632,464,719,565,2
 603,124,708,196,1
 624,169,763,280,2
 292,373,360,445,5
 326,575,410,636,2
